account_id,complaint_count,alert_count,total_issues,risk_band
1,1,1,2,Medium
3,1,0,1,Low
4,1,0,1,Low
6,1,0,1,Low
9,1,0,1,Low
12,1,0,1,Low
14,1,0,1,Low
16,1,0,1,Low
17,1,0,1,Low
21,1,0,1,Low
22,1,0,1,Low
23,1,0,1,Low
24,1,0,1,Low
25,1,0,1,Low
30,1,0,1,Low
36,1,0,1,Low
41,1,0,1,Low
42,1,0,1,Low
48,1,0,1,Low
51,1,0,1,Low
52,1,0,1,Low
55,1,0,1,Low
57,1,0,1,Low
58,1,0,1,Low
59,1,0,1,Low
61,1,0,1,Low
63,1,0,1,Low
66,1,0,1,Low
68,1,0,1,Low
72,1,0,1,Low
76,1,0,1,Low
77,1,0,1,Low
78,1,0,1,Low
79,1,0,1,Low
81,1,0,1,Low
82,1,0,1,Low
88,1,0,1,Low
91,1,0,1,Low
92,1,0,1,Low
94,1,0,1,Low
98,1,0,1,Low
99,1,8,9,Prohibited / very high
103,1,0,1,Low
105,1,0,1,Low
112,1,0,1,Low
113,1,0,1,Low
117,1,0,1,Low
119,1,0,1,Low
120,1,0,1,Low
121,1,0,1,Low
122,1,0,1,Low
126,1,0,1,Low
127,1,0,1,Low
129,1,0,1,Low
130,1,0,1,Low
131,1,0,1,Low
133,1,0,1,Low
134,1,0,1,Low
137,1,0,1,Low
139,1,0,1,Low
141,1,0,1,Low
142,1,0,1,Low
143,1,0,1,Low
145,1,0,1,Low
146,1,0,1,Low
147,1,0,1,Low
149,1,0,1,Low
151,1,0,1,Low
152,1,0,1,Low
153,1,0,1,Low
159,1,0,1,Low
160,1,0,1,Low
161,1,0,1,Low
162,1,0,1,Low
165,1,0,1,Low
166,1,0,1,Low
167,1,0,1,Low
168,1,0,1,Low
170,1,0,1,Low
173,1,0,1,Low
174,1,0,1,Low
175,1,0,1,Low
179,1,0,1,Low
180,1,0,1,Low
181,1,0,1,Low
182,1,0,1,Low
183,1,0,1,Low
184,1,0,1,Low
186,1,0,1,Low
188,1,0,1,Low
189,1,0,1,Low
190,1,0,1,Low
194,1,0,1,Low
195,1,0,1,Low
196,1,0,1,Low
197,1,0,1,Low
198,1,0,1,Low
199,1,0,1,Low
203,1,0,1,Low
208,1,0,1,Low
210,1,0,1,Low
212,1,0,1,Low
213,1,0,1,Low
217,1,3,4,Medium
218,1,0,1,Low
223,1,0,1,Low
230,1,0,1,Low
234,1,0,1,Low
235,1,0,1,Low
238,1,0,1,Low
243,1,2,3,Medium
246,1,0,1,Low
251,1,2,3,Medium
253,1,0,1,Low
254,1,0,1,Low
258,1,0,1,Low
259,1,3,4,Medium
262,1,0,1,Low
264,1,2,3,Medium
266,1,0,1,Low
269,1,0,1,Low
271,1,0,1,Low
273,1,0,1,Low
275,1,2,3,Medium
276,1,3,4,Medium
277,1,0,1,Low
278,1,0,1,Low
279,1,2,3,Medium
280,1,0,1,Low
282,1,0,1,Low
285,1,2,3,Medium
286,1,0,1,Low
287,1,0,1,Low
288,1,0,1,Low
289,1,3,4,Medium
291,1,0,1,Low
292,1,0,1,Low
294,1,0,1,Low
295,1,2,3,Medium
298,1,2,3,Medium
299,1,3,4,Medium
300,1,4,5,High
301,1,4,5,High
306,1,0,1,Low
307,1,0,1,Low
308,1,0,1,Low
314,1,0,1,Low
315,1,0,1,Low
316,1,1,2,Medium
322,1,0,1,Low
323,1,3,4,Medium
324,1,2,3,Medium
331,1,0,1,Low
333,1,0,1,Low
334,1,0,1,Low
337,1,0,1,Low
339,1,0,1,Low
341,1,0,1,Low
344,1,0,1,Low
346,1,0,1,Low
352,1,0,1,Low
354,1,2,3,Medium
357,1,0,1,Low
360,1,3,4,Medium
363,1,0,1,Low
364,1,0,1,Low
366,1,0,1,Low
370,1,3,4,Medium
371,1,0,1,Low
374,1,0,1,Low
376,1,0,1,Low
377,1,2,3,Medium
380,1,0,1,Low
382,1,0,1,Low
383,1,0,1,Low
387,1,0,1,Low
389,1,0,1,Low
396,1,3,4,Medium
401,1,0,1,Low
402,1,0,1,Low
403,1,0,1,Low
404,1,0,1,Low
405,1,0,1,Low
406,1,0,1,Low
407,1,0,1,Low
408,1,0,1,Low
409,1,0,1,Low
413,1,0,1,Low
416,1,0,1,Low
417,1,0,1,Low
418,1,0,1,Low
419,1,0,1,Low
420,1,0,1,Low
421,1,0,1,Low
422,1,0,1,Low
425,1,0,1,Low
426,1,0,1,Low
428,1,0,1,Low
429,1,0,1,Low
430,1,0,1,Low
431,1,0,1,Low
432,1,0,1,Low
433,1,0,1,Low
434,1,0,1,Low
436,1,0,1,Low
437,1,0,1,Low
438,1,0,1,Low
439,1,0,1,Low
440,1,0,1,Low
441,1,0,1,Low
442,1,0,1,Low
446,1,0,1,Low
447,1,0,1,Low
448,1,0,1,Low
449,1,0,1,Low
450,1,0,1,Low
452,1,0,1,Low
453,1,0,1,Low
454,1,0,1,Low
456,1,0,1,Low
457,1,0,1,Low
458,1,0,1,Low
459,1,0,1,Low
460,1,2,3,Medium
461,1,0,1,Low
462,1,0,1,Low
464,1,0,1,Low
465,1,2,3,Medium
466,1,0,1,Low
467,1,0,1,Low
468,1,0,1,Low
469,1,0,1,Low
470,1,0,1,Low
471,1,0,1,Low
472,1,0,1,Low
473,1,4,5,High
474,1,0,1,Low
475,1,0,1,Low
476,1,4,5,High
477,1,4,5,High
479,1,0,1,Low
480,1,0,1,Low
481,1,2,3,Medium
482,1,0,1,Low
484,1,0,1,Low
486,1,0,1,Low
487,1,0,1,Low
488,1,0,1,Low
489,1,0,1,Low
490,1,0,1,Low
494,1,0,1,Low
495,1,16,17,Prohibited / very high
496,1,0,1,Low
497,1,0,1,Low
498,1,0,1,Low
499,1,0,1,Low
500,1,0,1,Low
501,1,0,1,Low
502,1,0,1,Low
503,1,0,1,Low
504,1,0,1,Low
505,1,0,1,Low
506,1,0,1,Low
507,1,0,1,Low
508,1,0,1,Low
510,1,0,1,Low
512,1,0,1,Low
514,1,0,1,Low
515,1,0,1,Low
516,1,0,1,Low
517,1,0,1,Low
518,1,10,11,Prohibited / very high
519,1,0,1,Low
520,1,2,3,Medium
521,1,0,1,Low
523,1,0,1,Low
525,1,0,1,Low
526,1,0,1,Low
528,1,0,1,Low
529,1,1,2,Medium
530,1,0,1,Low
531,1,0,1,Low
532,1,0,1,Low
533,1,0,1,Low
534,1,0,1,Low
535,1,0,1,Low
536,1,0,1,Low
537,1,0,1,Low
538,1,0,1,Low
540,1,2,3,Medium
541,1,0,1,Low
542,1,0,1,Low
543,1,0,1,Low
544,1,2,3,Medium
545,1,0,1,Low
546,1,0,1,Low
547,1,0,1,Low
548,1,0,1,Low
550,1,0,1,Low
551,1,0,1,Low
552,1,0,1,Low
554,1,0,1,Low
555,1,0,1,Low
556,1,0,1,Low
557,1,0,1,Low
559,1,0,1,Low
560,1,0,1,Low
561,1,0,1,Low
562,1,0,1,Low
563,1,0,1,Low
565,1,0,1,Low
566,1,0,1,Low
567,1,0,1,Low
568,1,0,1,Low
569,1,0,1,Low
570,1,0,1,Low
572,1,0,1,Low
573,1,0,1,Low
576,1,0,1,Low
577,1,6,7,High
578,1,0,1,Low
580,1,0,1,Low
582,1,0,1,Low
583,1,0,1,Low
584,1,0,1,Low
585,1,0,1,Low
586,1,0,1,Low
587,1,0,1,Low
588,1,0,1,Low
589,1,2,3,Medium
590,1,0,1,Low
591,1,0,1,Low
592,1,0,1,Low
593,1,0,1,Low
595,1,0,1,Low
597,1,0,1,Low
598,1,0,1,Low
599,1,0,1,Low
600,1,0,1,Low
602,1,0,1,Low
603,1,0,1,Low
606,1,0,1,Low
607,1,0,1,Low
611,1,0,1,Low
613,1,0,1,Low
615,1,0,1,Low
616,1,0,1,Low
620,1,0,1,Low
621,1,0,1,Low
622,1,0,1,Low
623,1,0,1,Low
624,1,0,1,Low
625,1,0,1,Low
626,1,0,1,Low
627,1,0,1,Low
629,1,0,1,Low
631,1,0,1,Low
632,1,0,1,Low
633,1,0,1,Low
634,1,0,1,Low
635,1,0,1,Low
637,1,0,1,Low
638,1,0,1,Low
639,1,2,3,Medium
640,1,0,1,Low
641,1,0,1,Low
642,1,0,1,Low
643,1,3,4,Medium
644,1,0,1,Low
645,1,0,1,Low
647,1,0,1,Low
648,1,0,1,Low
649,1,0,1,Low
651,1,0,1,Low
652,1,0,1,Low
653,1,0,1,Low
656,1,0,1,Low
658,1,0,1,Low
660,1,0,1,Low
661,1,0,1,Low
662,1,0,1,Low
664,1,0,1,Low
665,1,0,1,Low
666,1,0,1,Low
667,1,0,1,Low
671,1,0,1,Low
672,1,0,1,Low
675,1,0,1,Low
677,1,0,1,Low
678,1,0,1,Low
679,1,0,1,Low
681,1,0,1,Low
684,1,0,1,Low
685,1,0,1,Low
688,1,0,1,Low
693,1,0,1,Low
694,1,0,1,Low
695,1,0,1,Low
696,1,2,3,Medium
697,1,0,1,Low
698,1,0,1,Low
699,1,0,1,Low
701,1,0,1,Low
702,1,0,1,Low
704,1,0,1,Low
705,1,0,1,Low
708,1,0,1,Low
709,1,0,1,Low
710,1,0,1,Low
711,1,0,1,Low
713,1,0,1,Low
715,1,0,1,Low
717,1,0,1,Low
718,1,0,1,Low
719,1,0,1,Low
720,1,0,1,Low
721,1,0,1,Low
724,1,0,1,Low
728,1,0,1,Low
729,1,0,1,Low
731,1,0,1,Low
733,1,0,1,Low
737,1,0,1,Low
738,1,1,2,Medium
741,1,0,1,Low
742,1,0,1,Low
743,1,0,1,Low
745,1,0,1,Low
746,1,0,1,Low
747,1,0,1,Low
749,1,1,2,Medium
750,1,0,1,Low
751,1,0,1,Low
753,1,2,3,Medium
754,1,0,1,Low
755,1,0,1,Low
756,1,0,1,Low
757,1,0,1,Low
759,1,0,1,Low
760,1,0,1,Low
761,1,0,1,Low
762,1,2,3,Medium
763,1,0,1,Low
764,1,0,1,Low
765,1,0,1,Low
767,1,0,1,Low
770,1,0,1,Low
772,1,0,1,Low
773,1,1,2,Medium
774,1,0,1,Low
777,1,0,1,Low
778,1,0,1,Low
779,1,0,1,Low
781,1,0,1,Low
782,1,0,1,Low
784,1,0,1,Low
785,1,0,1,Low
786,1,0,1,Low
788,1,0,1,Low
789,1,0,1,Low
794,1,0,1,Low
795,1,0,1,Low
798,1,0,1,Low
799,1,0,1,Low
800,1,0,1,Low
806,1,1,2,Medium
809,1,0,1,Low
810,1,0,1,Low
814,1,0,1,Low
815,1,0,1,Low
816,1,0,1,Low
818,1,0,1,Low
819,1,0,1,Low
822,1,0,1,Low
824,1,0,1,Low
825,1,0,1,Low
826,1,0,1,Low
828,1,0,1,Low
830,1,0,1,Low
831,1,0,1,Low
833,1,0,1,Low
836,1,0,1,Low
840,1,0,1,Low
841,1,0,1,Low
843,1,0,1,Low
844,1,0,1,Low
849,1,0,1,Low
851,1,0,1,Low
852,1,0,1,Low
854,1,0,1,Low
855,1,0,1,Low
857,1,0,1,Low
858,1,0,1,Low
862,1,0,1,Low
870,1,0,1,Low
875,1,0,1,Low
878,1,0,1,Low
879,1,0,1,Low
880,1,0,1,Low
884,1,0,1,Low
888,1,0,1,Low
890,1,0,1,Low
891,1,0,1,Low
892,1,0,1,Low
897,1,0,1,Low
899,1,0,1,Low
903,1,0,1,Low
907,1,0,1,Low
910,1,0,1,Low
914,1,0,1,Low
916,1,0,1,Low
917,1,0,1,Low
918,1,0,1,Low
923,1,0,1,Low
924,1,0,1,Low
925,1,0,1,Low
929,1,0,1,Low
932,1,0,1,Low
933,1,0,1,Low
937,1,0,1,Low
938,1,0,1,Low
946,1,0,1,Low
947,1,0,1,Low
951,1,0,1,Low
954,1,0,1,Low
955,1,0,1,Low
960,1,0,1,Low
962,1,0,1,Low
963,1,0,1,Low
964,1,0,1,Low
967,1,0,1,Low
969,1,0,1,Low
970,1,0,1,Low
973,1,0,1,Low
974,1,0,1,Low
976,1,0,1,Low
978,1,0,1,Low
980,1,0,1,Low
984,1,0,1,Low
985,1,0,1,Low
988,1,0,1,Low
990,1,0,1,Low
993,1,0,1,Low
994,1,0,1,Low
996,1,0,1,Low
1002,1,0,1,Low
1003,1,0,1,Low
1004,1,0,1,Low
1006,1,0,1,Low
1007,1,0,1,Low
1008,1,0,1,Low
1010,1,0,1,Low
1012,1,0,1,Low
1013,1,0,1,Low
1014,1,0,1,Low
1015,1,0,1,Low
1016,1,0,1,Low
1017,1,0,1,Low
1019,1,0,1,Low
1020,1,0,1,Low
1022,1,0,1,Low
1023,1,0,1,Low
1025,1,0,1,Low
1026,1,0,1,Low
1028,1,0,1,Low
1029,1,2,3,Medium
1030,1,0,1,Low
1031,1,0,1,Low
1035,1,0,1,Low
1038,1,0,1,Low
1039,1,0,1,Low
1041,1,0,1,Low
1042,1,0,1,Low
1045,1,0,1,Low
1047,1,0,1,Low
1049,1,0,1,Low
1050,1,0,1,Low
1051,1,0,1,Low
1053,1,0,1,Low
1055,1,0,1,Low
1057,1,0,1,Low
1058,1,0,1,Low
1060,1,0,1,Low
1062,1,0,1,Low
1064,1,0,1,Low
1065,1,0,1,Low
1066,1,0,1,Low
1067,1,0,1,Low
1068,1,0,1,Low
1070,1,0,1,Low
1071,1,0,1,Low
1072,1,0,1,Low
1073,1,0,1,Low
1074,1,0,1,Low
1076,1,0,1,Low
1077,1,0,1,Low
1078,1,0,1,Low
1079,1,0,1,Low
1080,1,0,1,Low
1083,1,0,1,Low
1084,1,0,1,Low
1085,1,0,1,Low
1086,1,0,1,Low
1087,1,0,1,Low
1088,1,0,1,Low
1089,1,0,1,Low
1090,1,0,1,Low
1091,1,0,1,Low
1092,1,0,1,Low
1093,1,0,1,Low
1094,1,0,1,Low
1095,1,0,1,Low
1097,1,0,1,Low
1098,1,0,1,Low
1099,1,0,1,Low
1100,1,0,1,Low
1101,1,0,1,Low
1102,1,0,1,Low
1107,1,0,1,Low
1108,1,0,1,Low
1114,1,0,1,Low
1115,1,0,1,Low
1117,1,0,1,Low
1118,1,0,1,Low
1119,1,0,1,Low
1121,1,0,1,Low
1124,1,0,1,Low
1125,1,0,1,Low
1126,1,0,1,Low
1127,1,0,1,Low
1128,1,0,1,Low
1129,1,0,1,Low
1130,1,0,1,Low
1132,1,0,1,Low
1133,1,0,1,Low
1134,1,0,1,Low
1135,1,0,1,Low
1136,1,0,1,Low
1137,1,0,1,Low
1140,1,0,1,Low
1142,1,0,1,Low
1143,1,0,1,Low
1144,1,0,1,Low
1145,1,0,1,Low
1146,1,0,1,Low
1148,1,2,3,Medium
1149,1,0,1,Low
1150,1,0,1,Low
1151,1,0,1,Low
1154,1,0,1,Low
1155,1,0,1,Low
1156,1,0,1,Low
1158,1,0,1,Low
1159,1,0,1,Low
1162,1,0,1,Low
1164,1,0,1,Low
1165,1,0,1,Low
1166,1,0,1,Low
1167,1,0,1,Low
1168,1,0,1,Low
1169,1,0,1,Low
1170,1,0,1,Low
1173,1,0,1,Low
1174,1,0,1,Low
1175,1,0,1,Low
1178,1,0,1,Low
1179,1,0,1,Low
1181,1,0,1,Low
1182,1,0,1,Low
1183,1,0,1,Low
1186,1,0,1,Low
1190,1,0,1,Low
1191,1,0,1,Low
1192,1,0,1,Low
1194,1,0,1,Low
1196,1,0,1,Low
1197,1,0,1,Low
1198,1,0,1,Low
1199,1,0,1,Low
1205,1,2,3,Medium
1206,1,0,1,Low
1207,1,0,1,Low
1214,1,0,1,Low
1215,1,0,1,Low
1217,1,0,1,Low
1219,1,2,3,Medium
1223,1,3,4,Medium
1224,1,0,1,Low
1228,1,0,1,Low
1233,1,0,1,Low
1234,1,0,1,Low
1243,1,0,1,Low
1248,1,0,1,Low
1249,1,0,1,Low
1250,1,0,1,Low
1253,1,0,1,Low
1254,1,0,1,Low
1261,1,2,3,Medium
1263,1,0,1,Low
1264,1,0,1,Low
1265,1,0,1,Low
1268,1,1,2,Medium
1270,1,0,1,Low
1271,1,2,3,Medium
1272,1,0,1,Low
1275,1,3,4,Medium
1279,1,2,3,Medium
1280,1,0,1,Low
1282,1,0,1,Low
1283,1,0,1,Low
1284,1,0,1,Low
1286,1,3,4,Medium
1287,1,2,3,Medium
1293,1,3,4,Medium
1294,1,0,1,Low
1296,1,3,4,Medium
1297,1,0,1,Low
1300,1,2,3,Medium
1303,1,2,3,Medium
1304,1,3,4,Medium
1306,1,0,1,Low
1308,1,0,1,Low
1313,1,0,1,Low
1315,1,0,1,Low
1316,1,0,1,Low
1317,1,0,1,Low
1323,1,1,2,Medium
1324,1,0,1,Low
1326,1,0,1,Low
1327,1,3,4,Medium
1328,1,0,1,Low
1329,1,1,2,Medium
1330,1,0,1,Low
1331,1,0,1,Low
1333,1,6,7,High
1334,1,0,1,Low
1338,1,0,1,Low
1342,1,0,1,Low
1344,1,0,1,Low
1345,1,0,1,Low
1346,1,0,1,Low
1352,1,3,4,Medium
1354,1,0,1,Low
1356,1,0,1,Low
1360,1,0,1,Low
1361,1,2,3,Medium
1369,1,0,1,Low
1375,1,0,1,Low
1379,1,0,1,Low
1381,1,0,1,Low
1384,1,0,1,Low
1385,1,3,4,Medium
1386,1,3,4,Medium
1388,1,0,1,Low
1391,1,0,1,Low
1392,1,0,1,Low
1393,1,0,1,Low
1400,1,0,1,Low
1401,1,0,1,Low
1402,1,0,1,Low
1404,1,0,1,Low
1406,1,0,1,Low
1407,1,8,9,Prohibited / very high
1408,1,0,1,Low
1409,1,0,1,Low
1411,1,0,1,Low
1412,1,0,1,Low
1413,1,0,1,Low
1414,1,0,1,Low
1415,1,0,1,Low
1417,1,1,2,Medium
1418,1,0,1,Low
1419,1,0,1,Low
1420,1,0,1,Low
1422,1,0,1,Low
1423,1,0,1,Low
1425,1,0,1,Low
1426,1,0,1,Low
1427,1,0,1,Low
1430,1,0,1,Low
1431,1,0,1,Low
1432,1,0,1,Low
1435,1,0,1,Low
1436,1,1,2,Medium
1437,1,6,7,High
1438,1,0,1,Low
1439,1,0,1,Low
1440,1,0,1,Low
1441,1,0,1,Low
1443,1,0,1,Low
1444,1,0,1,Low
1445,1,0,1,Low
1447,1,12,13,Prohibited / very high
1448,1,0,1,Low
1449,1,0,1,Low
1450,1,3,4,Medium
1451,1,0,1,Low
1452,1,0,1,Low
1453,1,0,1,Low
1455,1,0,1,Low
1456,1,0,1,Low
1457,1,0,1,Low
1459,1,0,1,Low
1460,1,0,1,Low
1461,1,0,1,Low
1462,1,0,1,Low
1463,1,0,1,Low
1464,1,0,1,Low
1465,1,0,1,Low
1466,1,0,1,Low
1467,1,2,3,Medium
1468,1,0,1,Low
1470,1,0,1,Low
1471,1,0,1,Low
1472,1,0,1,Low
1473,1,0,1,Low
1474,1,0,1,Low
1475,1,0,1,Low
1476,1,0,1,Low
1477,1,1,2,Medium
1478,1,0,1,Low
1480,1,2,3,Medium
1481,1,0,1,Low
1482,1,0,1,Low
1483,1,0,1,Low
1484,1,0,1,Low
1485,1,0,1,Low
1486,1,0,1,Low
1487,1,0,1,Low
1488,1,0,1,Low
1489,1,0,1,Low
1490,1,0,1,Low
1491,1,0,1,Low
1493,1,0,1,Low
1494,1,0,1,Low
1496,1,0,1,Low
1497,1,0,1,Low
1498,1,0,1,Low
1501,1,0,1,Low
1502,1,0,1,Low
1503,1,0,1,Low
1504,1,0,1,Low
1505,1,0,1,Low
1506,1,4,5,High
1507,1,0,1,Low
1508,1,0,1,Low
1509,1,0,1,Low
1510,1,0,1,Low
1511,1,2,3,Medium
1512,1,0,1,Low
1513,1,0,1,Low
1514,1,0,1,Low
1515,1,0,1,Low
1516,1,0,1,Low
1518,1,0,1,Low
1520,1,0,1,Low
1521,1,0,1,Low
1522,1,0,1,Low
1523,1,0,1,Low
1525,1,0,1,Low
1526,1,0,1,Low
1527,1,0,1,Low
1528,1,0,1,Low
1529,1,0,1,Low
1530,1,0,1,Low
1531,1,0,1,Low
1533,1,0,1,Low
1534,1,0,1,Low
1535,1,0,1,Low
1536,1,0,1,Low
1537,1,0,1,Low
1538,1,4,5,High
1539,1,0,1,Low
1540,1,0,1,Low
1542,1,0,1,Low
1543,1,0,1,Low
1544,1,0,1,Low
1545,1,0,1,Low
1547,1,0,1,Low
1548,1,0,1,Low
1549,1,0,1,Low
1550,1,0,1,Low
1551,1,0,1,Low
1552,1,0,1,Low
1554,1,0,1,Low
1555,1,0,1,Low
1556,1,0,1,Low
1557,1,0,1,Low
1558,1,0,1,Low
1559,1,0,1,Low
1560,1,0,1,Low
1561,1,0,1,Low
1562,1,0,1,Low
1564,1,0,1,Low
1565,1,0,1,Low
1566,1,0,1,Low
1567,1,0,1,Low
1568,1,0,1,Low
1569,1,0,1,Low
1570,1,0,1,Low
1571,1,0,1,Low
1573,1,0,1,Low
1574,1,0,1,Low
1575,1,0,1,Low
1577,1,0,1,Low
1578,1,0,1,Low
1579,1,0,1,Low
1580,1,0,1,Low
1581,1,2,3,Medium
1583,1,0,1,Low
1584,1,0,1,Low
1585,1,0,1,Low
1586,1,0,1,Low
1587,1,0,1,Low
1589,1,0,1,Low
1590,1,0,1,Low
1592,1,0,1,Low
1594,1,0,1,Low
1595,1,0,1,Low
1596,1,0,1,Low
1597,1,0,1,Low
1598,1,0,1,Low
1599,1,0,1,Low
1600,1,0,1,Low
1601,1,0,1,Low
1603,1,0,1,Low
1605,1,0,1,Low
1606,1,0,1,Low
1608,1,0,1,Low
1609,1,0,1,Low
1610,1,0,1,Low
1612,1,2,3,Medium
1613,1,0,1,Low
1614,1,0,1,Low
1615,1,0,1,Low
1616,1,0,1,Low
1617,1,0,1,Low
1618,1,0,1,Low
1619,1,0,1,Low
1620,1,0,1,Low
1622,1,0,1,Low
1624,1,0,1,Low
1626,1,0,1,Low
1630,1,0,1,Low
1631,1,0,1,Low
1633,1,0,1,Low
1634,1,4,5,High
1635,1,0,1,Low
1636,1,0,1,Low
1637,1,0,1,Low
1638,1,0,1,Low
1639,1,0,1,Low
1640,1,0,1,Low
1641,1,0,1,Low
1642,1,0,1,Low
1643,1,0,1,Low
1644,1,0,1,Low
1645,1,0,1,Low
1646,1,0,1,Low
1647,1,2,3,Medium
1648,1,1,2,Medium
1649,1,0,1,Low
1651,1,0,1,Low
1652,1,0,1,Low
1654,1,0,1,Low
1657,1,0,1,Low
1658,1,0,1,Low
1659,1,0,1,Low
1660,1,0,1,Low
1661,1,0,1,Low
1663,1,0,1,Low
1664,1,1,2,Medium
1667,1,0,1,Low
1668,1,0,1,Low
1670,1,0,1,Low
1671,1,0,1,Low
1674,1,0,1,Low
1675,1,0,1,Low
1676,1,0,1,Low
1677,1,0,1,Low
1679,1,0,1,Low
1683,1,0,1,Low
1684,1,0,1,Low
1685,1,0,1,Low
1686,1,0,1,Low
1687,1,0,1,Low
1688,1,0,1,Low
1689,1,0,1,Low
1691,1,0,1,Low
1692,1,0,1,Low
1693,1,0,1,Low
1694,1,0,1,Low
1696,1,0,1,Low
1697,1,0,1,Low
1698,1,1,2,Medium
1699,1,0,1,Low
1700,1,0,1,Low
1701,1,0,1,Low
1702,1,0,1,Low
1703,1,0,1,Low
1704,1,1,2,Medium
1705,1,0,1,Low
1706,1,0,1,Low
1709,1,0,1,Low
1710,1,0,1,Low
1711,1,0,1,Low
1712,1,0,1,Low
1717,1,0,1,Low
1718,1,0,1,Low
1721,1,0,1,Low
1722,1,1,2,Medium
1723,1,0,1,Low
1725,1,0,1,Low
1726,1,0,1,Low
1727,1,0,1,Low
1728,1,0,1,Low
1729,1,0,1,Low
1730,1,0,1,Low
1731,1,0,1,Low
1732,1,0,1,Low
1733,1,0,1,Low
1734,1,0,1,Low
1736,1,0,1,Low
1737,1,0,1,Low
1738,1,0,1,Low
1740,1,0,1,Low
1741,1,0,1,Low
1743,1,0,1,Low
1745,1,0,1,Low
1746,1,0,1,Low
1749,1,0,1,Low
1750,1,0,1,Low
1751,1,0,1,Low
1752,1,0,1,Low
1753,1,0,1,Low
1755,1,0,1,Low
1756,1,0,1,Low
1757,1,0,1,Low
1758,1,0,1,Low
1759,1,0,1,Low
1760,1,0,1,Low
1761,1,0,1,Low
1762,1,0,1,Low
1763,1,0,1,Low
1764,1,0,1,Low
1765,1,0,1,Low
1766,1,0,1,Low
1767,1,0,1,Low
1769,1,0,1,Low
1771,1,0,1,Low
1772,1,0,1,Low
1773,1,0,1,Low
1774,1,0,1,Low
1775,1,0,1,Low
1776,1,0,1,Low
1777,1,0,1,Low
1778,1,0,1,Low
1782,1,0,1,Low
1784,1,0,1,Low
1785,1,0,1,Low
1786,1,0,1,Low
1788,1,0,1,Low
1792,1,0,1,Low
1794,1,0,1,Low
1795,1,0,1,Low
1796,1,0,1,Low
1797,1,0,1,Low
1798,1,0,1,Low
1799,1,0,1,Low
1800,1,0,1,Low
1801,1,0,1,Low
1804,1,0,1,Low
1806,1,0,1,Low
1807,1,0,1,Low
1809,1,0,1,Low
1811,1,0,1,Low
1812,1,0,1,Low
1813,1,0,1,Low
1814,1,0,1,Low
1815,1,0,1,Low
1816,1,0,1,Low
1821,1,0,1,Low
1822,1,0,1,Low
1827,1,0,1,Low
1828,1,0,1,Low
1830,1,0,1,Low
1831,1,0,1,Low
1832,1,0,1,Low
1833,1,0,1,Low
1836,1,0,1,Low
1838,1,0,1,Low
1843,1,0,1,Low
1844,1,0,1,Low
1845,1,0,1,Low
1849,1,0,1,Low
1851,1,0,1,Low
1852,1,0,1,Low
1853,1,0,1,Low
1854,1,0,1,Low
1855,1,0,1,Low
1858,1,0,1,Low
1860,1,0,1,Low
1861,1,0,1,Low
1865,1,0,1,Low
1867,1,0,1,Low
1870,1,0,1,Low
1871,1,0,1,Low
1873,1,0,1,Low
1875,1,0,1,Low
1878,1,0,1,Low
1882,1,0,1,Low
1883,1,0,1,Low
1885,1,0,1,Low
1887,1,0,1,Low
1888,1,0,1,Low
1889,1,0,1,Low
1893,1,0,1,Low
1897,1,0,1,Low
1898,1,0,1,Low
1901,1,0,1,Low
1905,1,0,1,Low
1910,1,0,1,Low
1911,1,0,1,Low
1912,1,0,1,Low
1919,1,0,1,Low
1920,1,0,1,Low
1921,1,0,1,Low
1926,1,0,1,Low
1928,1,0,1,Low
1929,1,0,1,Low
1931,1,0,1,Low
1932,1,0,1,Low
1933,1,0,1,Low
1936,1,0,1,Low
1937,1,0,1,Low
1938,1,0,1,Low
1941,1,0,1,Low
1947,1,0,1,Low
1948,1,0,1,Low
1951,1,0,1,Low
1959,1,0,1,Low
1962,1,0,1,Low
1964,1,0,1,Low
1967,1,0,1,Low
1971,1,0,1,Low
1972,1,0,1,Low
1974,1,0,1,Low
1977,1,0,1,Low
1980,1,0,1,Low
1981,1,0,1,Low
1984,1,0,1,Low
1987,1,0,1,Low
1989,1,0,1,Low
1990,1,0,1,Low
1992,1,0,1,Low
1994,1,0,1,Low
1998,1,0,1,Low
2000,1,0,1,Low
2001,1,0,1,Low
2002,1,0,1,Low
2003,1,0,1,Low
2004,1,0,1,Low
2005,1,0,1,Low
2006,1,0,1,Low
2007,1,0,1,Low
2008,1,0,1,Low
2009,1,2,3,Medium
2010,1,0,1,Low
2012,1,0,1,Low
2013,1,0,1,Low
2014,1,0,1,Low
2015,1,0,1,Low
2016,1,0,1,Low
2019,1,0,1,Low
2020,1,0,1,Low
2021,1,0,1,Low
2022,1,0,1,Low
2023,1,0,1,Low
2025,1,0,1,Low
2026,1,0,1,Low
2027,1,0,1,Low
2028,1,0,1,Low
2029,1,0,1,Low
2031,1,0,1,Low
2032,1,0,1,Low
2033,1,0,1,Low
2037,1,0,1,Low
2038,1,0,1,Low
2039,1,0,1,Low
2042,1,0,1,Low
2044,1,0,1,Low
2046,1,0,1,Low
2047,1,0,1,Low
2048,1,0,1,Low
2049,1,0,1,Low
2050,1,0,1,Low
2051,1,0,1,Low
2052,1,0,1,Low
2053,1,0,1,Low
2054,1,0,1,Low
2056,1,0,1,Low
2057,1,0,1,Low
2058,1,0,1,Low
2059,1,0,1,Low
2061,1,0,1,Low
2062,1,0,1,Low
2064,1,0,1,Low
2065,1,0,1,Low
2067,1,0,1,Low
2068,1,0,1,Low
2070,1,0,1,Low
2072,1,0,1,Low
2074,1,0,1,Low
2076,1,0,1,Low
2077,1,0,1,Low
2080,1,0,1,Low
2081,1,4,5,High
2083,1,0,1,Low
2084,1,0,1,Low
2087,1,0,1,Low
2088,1,0,1,Low
2089,1,0,1,Low
2090,1,0,1,Low
2091,1,0,1,Low
2092,1,0,1,Low
2095,1,0,1,Low
2096,1,0,1,Low
2100,1,0,1,Low
2101,1,0,1,Low
2103,1,0,1,Low
2105,1,0,1,Low
2106,1,0,1,Low
2107,1,0,1,Low
2108,1,0,1,Low
2109,1,0,1,Low
2112,1,0,1,Low
2114,1,0,1,Low
2117,1,0,1,Low
2118,1,0,1,Low
2119,1,0,1,Low
2120,1,0,1,Low
2121,1,0,1,Low
2122,1,0,1,Low
2123,1,0,1,Low
2124,1,0,1,Low
2126,1,0,1,Low
2127,1,0,1,Low
2128,1,0,1,Low
2130,1,0,1,Low
2131,1,0,1,Low
2133,1,0,1,Low
2134,1,0,1,Low
2135,1,0,1,Low
2136,1,0,1,Low
2137,1,0,1,Low
2138,1,0,1,Low
2139,1,0,1,Low
2141,1,0,1,Low
2142,1,0,1,Low
2143,1,0,1,Low
2144,1,0,1,Low
2145,1,0,1,Low
2146,1,0,1,Low
2147,1,0,1,Low
2148,1,0,1,Low
2150,1,0,1,Low
2151,1,0,1,Low
2152,1,0,1,Low
2153,1,0,1,Low
2154,1,0,1,Low
2155,1,0,1,Low
2157,1,0,1,Low
2158,1,0,1,Low
2162,1,0,1,Low
2163,1,0,1,Low
2164,1,0,1,Low
2165,1,0,1,Low
2166,1,0,1,Low
2167,1,0,1,Low
2168,1,0,1,Low
2169,1,0,1,Low
2170,1,0,1,Low
2171,1,0,1,Low
2172,1,0,1,Low
2174,1,0,1,Low
2175,1,0,1,Low
2176,1,0,1,Low
2177,1,0,1,Low
2178,1,0,1,Low
2179,1,0,1,Low
2180,1,0,1,Low
2182,1,0,1,Low
2183,1,0,1,Low
2184,1,0,1,Low
2185,1,0,1,Low
2186,1,0,1,Low
2187,1,0,1,Low
2188,1,0,1,Low
2189,1,0,1,Low
2190,1,0,1,Low
2191,1,0,1,Low
2192,1,0,1,Low
2193,1,0,1,Low
2194,1,0,1,Low
2195,1,0,1,Low
2196,1,0,1,Low
2197,1,0,1,Low
2198,1,0,1,Low
2199,1,0,1,Low
2202,1,0,1,Low
2204,1,0,1,Low
2207,1,1,2,Medium
2209,1,0,1,Low
2210,1,0,1,Low
2213,1,0,1,Low
2215,1,0,1,Low
2216,1,0,1,Low
2220,1,0,1,Low
2224,1,2,3,Medium
2228,1,0,1,Low
2229,1,1,2,Medium
2231,1,5,6,High
2232,1,0,1,Low
2233,1,0,1,Low
2235,1,0,1,Low
2238,1,2,3,Medium
2239,1,2,3,Medium
2241,1,0,1,Low
2242,1,0,1,Low
2247,1,0,1,Low
2248,1,2,3,Medium
2250,1,0,1,Low
2252,1,3,4,Medium
2258,1,1,2,Medium
2263,1,1,2,Medium
2266,1,3,4,Medium
2269,1,3,4,Medium
2270,1,0,1,Low
2272,1,0,1,Low
2273,1,0,1,Low
2274,1,2,3,Medium
2279,1,0,1,Low
2281,1,2,3,Medium
2282,1,0,1,Low
2284,1,0,1,Low
2285,1,3,4,Medium
2286,1,1,2,Medium
2287,1,0,1,Low
2288,1,3,4,Medium
2290,1,0,1,Low
2291,1,0,1,Low
2294,1,2,3,Medium
2298,1,0,1,Low
2301,1,3,4,Medium
2303,1,2,3,Medium
2304,1,0,1,Low
2306,1,0,1,Low
2308,1,0,1,Low
2311,1,0,1,Low
2314,1,0,1,Low
2316,1,0,1,Low
2318,1,0,1,Low
2320,1,0,1,Low
2322,1,0,1,Low
2323,1,0,1,Low
2324,1,2,3,Medium
2326,1,0,1,Low
2328,1,0,1,Low
2329,1,1,2,Medium
2332,1,0,1,Low
2334,1,1,2,Medium
2335,1,0,1,Low
2336,1,0,1,Low
2337,1,2,3,Medium
2339,1,2,3,Medium
2340,1,0,1,Low
2341,1,0,1,Low
2343,1,0,1,Low
2344,1,0,1,Low
2345,1,3,4,Medium
2347,1,0,1,Low
2348,1,0,1,Low
2350,1,2,3,Medium
2352,1,5,6,High
2353,1,0,1,Low
2355,1,0,1,Low
2357,1,0,1,Low
2369,1,0,1,Low
2375,1,0,1,Low
2379,1,0,1,Low
2384,1,0,1,Low
2385,1,0,1,Low
2386,1,0,1,Low
2391,1,2,3,Medium
2393,1,0,1,Low
2400,1,0,1,Low
2402,1,0,1,Low
2403,1,0,1,Low
2404,1,0,1,Low
2405,1,0,1,Low
2406,1,2,3,Medium
2407,1,0,1,Low
2408,1,0,1,Low
2409,1,0,1,Low
2410,1,0,1,Low
2411,1,0,1,Low
2412,1,0,1,Low
2413,1,0,1,Low
2414,1,0,1,Low
2415,1,0,1,Low
2416,1,0,1,Low
2417,1,0,1,Low
2418,1,1,2,Medium
2419,1,1,2,Medium
2420,1,0,1,Low
2421,1,0,1,Low
2422,1,0,1,Low
2423,1,0,1,Low
2424,1,0,1,Low
2425,1,0,1,Low
2426,1,0,1,Low
2427,1,0,1,Low
2430,1,0,1,Low
2431,1,0,1,Low
2432,1,0,1,Low
2433,1,0,1,Low
2434,1,0,1,Low
2435,1,0,1,Low
2436,1,0,1,Low
2437,1,0,1,Low
2438,1,0,1,Low
2439,1,0,1,Low
2440,1,4,5,High
2441,1,0,1,Low
2442,1,0,1,Low
2443,1,4,5,High
2444,1,0,1,Low
2445,1,0,1,Low
2446,1,0,1,Low
2447,1,0,1,Low
2448,1,0,1,Low
2449,1,0,1,Low
2450,1,0,1,Low
2451,1,0,1,Low
2452,1,0,1,Low
2454,1,0,1,Low
2455,1,0,1,Low
2456,1,0,1,Low
2457,1,0,1,Low
2458,1,2,3,Medium
2459,1,0,1,Low
2460,1,0,1,Low
2462,1,0,1,Low
2464,1,0,1,Low
2466,1,0,1,Low
2467,1,0,1,Low
2468,1,0,1,Low
2469,1,0,1,Low
2471,1,0,1,Low
2472,1,0,1,Low
2473,1,1,2,Medium
2479,1,0,1,Low
2480,1,0,1,Low
2481,1,0,1,Low
2482,1,0,1,Low
2483,1,0,1,Low
2484,1,0,1,Low
2485,1,0,1,Low
2486,1,4,5,High
2488,1,0,1,Low
2489,1,0,1,Low
2490,1,0,1,Low
2491,1,0,1,Low
2492,1,0,1,Low
2493,1,0,1,Low
2495,1,0,1,Low
2496,1,0,1,Low
2497,1,0,1,Low
2498,1,0,1,Low
2499,1,0,1,Low
2500,1,0,1,Low
2501,1,0,1,Low
2503,1,0,1,Low
2504,1,0,1,Low
2505,1,0,1,Low
2507,1,0,1,Low
2508,1,0,1,Low
2509,1,0,1,Low
2512,1,0,1,Low
2513,1,0,1,Low
2514,1,0,1,Low
2515,1,16,17,Prohibited / very high
2516,1,0,1,Low
2517,1,0,1,Low
2518,1,0,1,Low
2519,1,0,1,Low
2520,1,0,1,Low
2521,1,0,1,Low
2522,1,0,1,Low
2523,1,0,1,Low
2524,1,0,1,Low
2525,1,0,1,Low
2526,1,0,1,Low
2527,1,0,1,Low
2528,1,0,1,Low
2529,1,0,1,Low
2530,1,0,1,Low
2531,1,0,1,Low
2533,1,0,1,Low
2534,1,0,1,Low
2535,1,0,1,Low
2536,1,0,1,Low
2537,1,0,1,Low
2538,1,0,1,Low
2539,1,0,1,Low
2541,1,0,1,Low
2542,1,0,1,Low
2543,1,0,1,Low
2544,1,0,1,Low
2545,1,0,1,Low
2546,1,0,1,Low
2547,1,0,1,Low
2548,1,2,3,Medium
2549,1,0,1,Low
2551,1,0,1,Low
2552,1,0,1,Low
2553,1,0,1,Low
2555,1,0,1,Low
2556,1,0,1,Low
2557,1,0,1,Low
2558,1,0,1,Low
2559,1,0,1,Low
2560,1,0,1,Low
2561,1,0,1,Low
2563,1,0,1,Low
2564,1,2,3,Medium
2565,1,0,1,Low
2566,1,0,1,Low
2568,1,0,1,Low
2569,1,0,1,Low
2570,1,0,1,Low
2572,1,4,5,High
2573,1,0,1,Low
2574,1,0,1,Low
2576,1,0,1,Low
2578,1,0,1,Low
2579,1,0,1,Low
2580,1,0,1,Low
2581,1,0,1,Low
2582,1,0,1,Low
2584,1,0,1,Low
2585,1,2,3,Medium
2587,1,0,1,Low
2588,1,0,1,Low
2589,1,0,1,Low
2590,1,0,1,Low
2591,1,0,1,Low
2592,1,0,1,Low
2593,1,0,1,Low
2594,1,0,1,Low
2595,1,0,1,Low
2599,1,0,1,Low
2601,1,0,1,Low
2602,1,0,1,Low
2603,1,0,1,Low
2604,1,0,1,Low
2606,1,0,1,Low
2608,1,0,1,Low
2609,1,0,1,Low
2610,1,0,1,Low
2611,1,0,1,Low
2612,1,0,1,Low
2613,1,0,1,Low
2614,1,0,1,Low
2615,1,0,1,Low
2616,1,0,1,Low
2617,1,0,1,Low
2618,1,0,1,Low
2620,1,2,3,Medium
2621,1,0,1,Low
2622,1,0,1,Low
2623,1,1,2,Medium
2624,1,0,1,Low
2625,1,0,1,Low
2626,1,0,1,Low
2627,1,0,1,Low
2628,1,0,1,Low
2631,1,0,1,Low
2632,1,0,1,Low
2633,1,3,4,Medium
2634,1,0,1,Low
2635,1,0,1,Low
2636,1,2,3,Medium
2637,1,0,1,Low
2638,1,0,1,Low
2639,1,0,1,Low
2640,1,0,1,Low
2641,1,0,1,Low
2642,1,0,1,Low
2643,1,0,1,Low
2644,1,0,1,Low
2645,1,0,1,Low
2646,1,0,1,Low
2648,1,0,1,Low
2649,1,0,1,Low
2650,1,0,1,Low
2651,1,0,1,Low
2654,1,0,1,Low
2655,1,0,1,Low
2656,1,0,1,Low
2658,1,0,1,Low
2659,1,0,1,Low
2660,1,0,1,Low
2661,1,0,1,Low
2662,1,0,1,Low
2663,1,0,1,Low
2664,1,0,1,Low
2665,1,0,1,Low
2666,1,0,1,Low
2667,1,0,1,Low
2668,1,0,1,Low
2669,1,0,1,Low
2670,1,0,1,Low
2671,1,0,1,Low
2672,1,0,1,Low
2675,1,0,1,Low
2676,1,0,1,Low
2677,1,0,1,Low
2678,1,0,1,Low
2679,1,0,1,Low
2680,1,0,1,Low
2681,1,0,1,Low
2682,1,0,1,Low
2683,1,0,1,Low
2684,1,0,1,Low
2685,1,0,1,Low
2687,1,0,1,Low
2688,1,0,1,Low
2690,1,3,4,Medium
2691,1,0,1,Low
2692,1,0,1,Low
2694,1,0,1,Low
2695,1,1,2,Medium
2696,1,0,1,Low
2697,1,0,1,Low
2698,1,0,1,Low
2699,1,0,1,Low
2700,1,0,1,Low
2703,1,0,1,Low
2705,1,0,1,Low
2707,1,0,1,Low
2708,1,0,1,Low
2709,1,0,1,Low
2711,1,0,1,Low
2712,1,0,1,Low
2713,1,0,1,Low
2714,1,0,1,Low
2715,1,4,5,High
2716,1,0,1,Low
2718,1,0,1,Low
2719,1,0,1,Low
2721,1,0,1,Low
2722,1,0,1,Low
2723,1,0,1,Low
2724,1,0,1,Low
2728,1,0,1,Low
2729,1,0,1,Low
2730,1,0,1,Low
2731,1,0,1,Low
2734,1,0,1,Low
2735,1,0,1,Low
2736,1,0,1,Low
2737,1,0,1,Low
2739,1,0,1,Low
2741,1,0,1,Low
2743,1,0,1,Low
2744,1,0,1,Low
2745,1,0,1,Low
2746,1,0,1,Low
2747,1,0,1,Low
2748,1,0,1,Low
2749,1,0,1,Low
2750,1,0,1,Low
2751,1,0,1,Low
2753,1,0,1,Low
2754,1,0,1,Low
2756,1,0,1,Low
2757,1,1,2,Medium
2760,1,0,1,Low
2762,1,0,1,Low
2763,1,0,1,Low
2764,1,0,1,Low
2765,1,0,1,Low
2766,1,0,1,Low
2767,1,0,1,Low
2768,1,0,1,Low
2769,1,0,1,Low
2770,1,0,1,Low
2771,1,0,1,Low
2772,1,0,1,Low
2773,1,0,1,Low
2774,1,0,1,Low
2777,1,0,1,Low
2779,1,0,1,Low
2780,1,0,1,Low
2783,1,0,1,Low
2784,1,0,1,Low
2785,1,0,1,Low
2786,1,0,1,Low
2787,1,0,1,Low
2788,1,0,1,Low
2789,1,0,1,Low
2790,1,0,1,Low
2791,1,0,1,Low
2792,1,0,1,Low
2793,1,1,2,Medium
2794,1,1,2,Medium
2795,1,0,1,Low
2797,1,0,1,Low
2798,1,0,1,Low
2799,1,0,1,Low
2801,1,0,1,Low
2804,1,0,1,Low
2808,1,0,1,Low
2809,1,0,1,Low
2810,1,0,1,Low
2811,1,0,1,Low
2812,1,0,1,Low
2816,1,0,1,Low
2817,1,0,1,Low
2822,1,0,1,Low
2823,1,0,1,Low
2824,1,0,1,Low
2826,1,0,1,Low
2827,1,0,1,Low
2828,1,0,1,Low
2830,1,0,1,Low
2832,1,0,1,Low
2833,1,0,1,Low
2834,1,0,1,Low
2837,1,0,1,Low
2838,1,0,1,Low
2839,1,0,1,Low
2841,1,0,1,Low
2842,1,0,1,Low
2843,1,0,1,Low
2845,1,0,1,Low
2850,1,0,1,Low
2851,1,0,1,Low
2852,1,0,1,Low
2855,1,0,1,Low
2856,1,0,1,Low
2861,1,0,1,Low
2862,1,0,1,Low
2863,1,0,1,Low
2864,1,0,1,Low
2867,1,0,1,Low
2871,1,0,1,Low
2876,1,0,1,Low
2878,1,0,1,Low
2879,1,0,1,Low
2881,1,0,1,Low
2883,1,0,1,Low
2884,1,0,1,Low
2886,1,0,1,Low
2887,1,0,1,Low
2888,1,0,1,Low
2889,1,0,1,Low
2890,1,0,1,Low
2891,1,0,1,Low
2892,1,0,1,Low
2894,1,0,1,Low
2896,1,0,1,Low
2900,1,0,1,Low
2904,1,0,1,Low
2908,1,0,1,Low
2909,1,0,1,Low
2911,1,0,1,Low
2913,1,0,1,Low
2914,1,0,1,Low
2922,1,0,1,Low
2926,1,0,1,Low
2927,1,0,1,Low
2930,1,0,1,Low
2931,1,0,1,Low
2933,1,0,1,Low
2934,1,0,1,Low
2936,1,0,1,Low
2938,1,0,1,Low
2939,1,0,1,Low
2940,1,0,1,Low
2941,1,0,1,Low
2942,1,0,1,Low
2944,1,0,1,Low
2945,1,0,1,Low
2946,1,0,1,Low
2949,1,0,1,Low
2950,1,0,1,Low
2951,1,0,1,Low
2953,1,0,1,Low
2954,1,0,1,Low
2956,1,0,1,Low
2957,1,0,1,Low
2961,1,0,1,Low
2962,1,0,1,Low
2963,1,0,1,Low
2964,1,0,1,Low
2965,1,0,1,Low
2966,1,0,1,Low
2967,1,0,1,Low
2968,1,0,1,Low
2970,1,0,1,Low
2971,1,0,1,Low
2972,1,0,1,Low
2975,1,0,1,Low
2976,1,0,1,Low
2977,1,0,1,Low
2979,1,0,1,Low
2981,1,0,1,Low
2983,1,0,1,Low
2984,1,0,1,Low
2985,1,0,1,Low
2987,1,0,1,Low
2988,1,0,1,Low
2989,1,0,1,Low
2991,1,0,1,Low
2994,1,0,1,Low
2996,1,0,1,Low
2997,1,0,1,Low
2998,1,0,1,Low
3001,1,0,1,Low
3002,1,0,1,Low
3003,1,0,1,Low
3004,1,0,1,Low
3005,1,0,1,Low
3006,1,0,1,Low
3010,1,0,1,Low
3011,1,0,1,Low
3012,1,0,1,Low
3014,1,0,1,Low
3015,1,0,1,Low
3016,1,0,1,Low
3018,1,0,1,Low
3019,1,0,1,Low
3020,1,0,1,Low
3022,1,0,1,Low
3024,1,0,1,Low
3026,1,0,1,Low
3027,1,0,1,Low
3028,1,0,1,Low
3029,1,0,1,Low
3030,1,0,1,Low
3032,1,0,1,Low
3033,1,0,1,Low
3034,1,0,1,Low
3036,1,0,1,Low
3037,1,0,1,Low
3038,1,0,1,Low
3039,1,0,1,Low
3040,1,0,1,Low
3041,1,0,1,Low
3042,1,0,1,Low
3043,1,0,1,Low
3044,1,0,1,Low
3045,1,0,1,Low
3046,1,0,1,Low
3047,1,0,1,Low
3048,1,0,1,Low
3049,1,0,1,Low
3051,1,0,1,Low
3052,1,0,1,Low
3053,1,0,1,Low
3054,1,0,1,Low
3055,1,0,1,Low
3056,1,0,1,Low
3059,1,0,1,Low
3060,1,0,1,Low
3061,1,0,1,Low
3062,1,0,1,Low
3063,1,0,1,Low
3064,1,0,1,Low
3066,1,0,1,Low
3068,1,0,1,Low
3069,1,0,1,Low
3070,1,0,1,Low
3071,1,0,1,Low
3072,1,0,1,Low
3073,1,0,1,Low
3074,1,0,1,Low
3075,1,0,1,Low
3076,1,0,1,Low
3077,1,0,1,Low
3078,1,0,1,Low
3079,1,0,1,Low
3081,1,0,1,Low
3082,1,0,1,Low
3083,1,0,1,Low
3084,1,0,1,Low
3086,1,0,1,Low
3087,1,0,1,Low
3090,1,0,1,Low
3091,1,0,1,Low
3092,1,0,1,Low
3093,1,0,1,Low
3095,1,0,1,Low
3096,1,0,1,Low
3097,1,0,1,Low
3098,1,0,1,Low
3099,1,0,1,Low
3100,1,0,1,Low
3101,1,0,1,Low
3102,1,0,1,Low
3103,1,0,1,Low
3104,1,0,1,Low
3105,1,0,1,Low
3108,1,0,1,Low
3109,1,0,1,Low
3110,1,0,1,Low
3112,1,0,1,Low
3113,1,0,1,Low
3115,1,0,1,Low
3116,1,0,1,Low
3118,1,0,1,Low
3119,1,0,1,Low
3120,1,0,1,Low
3121,1,0,1,Low
3122,1,0,1,Low
3123,1,0,1,Low
3124,1,0,1,Low
3125,1,0,1,Low
3126,1,0,1,Low
3127,1,0,1,Low
3128,1,0,1,Low
3129,1,0,1,Low
3130,1,0,1,Low
3131,1,0,1,Low
3132,1,0,1,Low
3133,1,0,1,Low
3135,1,0,1,Low
3136,1,0,1,Low
3137,1,0,1,Low
3138,1,0,1,Low
3140,1,0,1,Low
3142,1,0,1,Low
3143,1,0,1,Low
3145,1,0,1,Low
3146,1,0,1,Low
3148,1,0,1,Low
3149,1,0,1,Low
3150,1,0,1,Low
3151,1,0,1,Low
3152,1,0,1,Low
3153,1,0,1,Low
3154,1,0,1,Low
3155,1,0,1,Low
3157,1,0,1,Low
3158,1,0,1,Low
3160,1,0,1,Low
3161,1,0,1,Low
3162,1,0,1,Low
3163,1,0,1,Low
3164,1,0,1,Low
3165,1,0,1,Low
3166,1,0,1,Low
3168,1,0,1,Low
3169,1,0,1,Low
3170,1,4,5,High
3171,1,0,1,Low
3173,1,0,1,Low
3174,1,0,1,Low
3175,1,0,1,Low
3176,1,0,1,Low
3177,1,0,1,Low
3178,1,0,1,Low
3179,1,0,1,Low
3180,1,0,1,Low
3181,1,0,1,Low
3182,1,0,1,Low
3184,1,0,1,Low
3185,1,0,1,Low
3186,1,0,1,Low
3188,1,0,1,Low
3189,1,0,1,Low
3190,1,0,1,Low
3191,1,0,1,Low
3192,1,0,1,Low
3194,1,0,1,Low
3195,1,0,1,Low
3196,1,0,1,Low
3197,1,0,1,Low
3198,1,0,1,Low
3201,1,0,1,Low
3202,1,2,3,Medium
3204,1,0,1,Low
3207,1,0,1,Low
3208,1,3,4,Medium
3210,1,3,4,Medium
3214,1,0,1,Low
3216,1,0,1,Low
3217,1,0,1,Low
3218,1,0,1,Low
3219,1,0,1,Low
3220,1,0,1,Low
3222,1,0,1,Low
3223,1,0,1,Low
3225,1,0,1,Low
3226,1,0,1,Low
3228,1,0,1,Low
3232,1,0,1,Low
3233,1,3,4,Medium
3236,1,0,1,Low
3237,1,0,1,Low
3239,1,0,1,Low
3242,1,6,7,High
3245,1,0,1,Low
3248,1,0,1,Low
3251,1,0,1,Low
3254,1,0,1,Low
3255,1,0,1,Low
3256,1,1,2,Medium
3257,1,3,4,Medium
3259,1,0,1,Low
3262,1,0,1,Low
3263,1,0,1,Low
3267,1,0,1,Low
3268,1,0,1,Low
3269,1,0,1,Low
3272,1,0,1,Low
3276,1,1,2,Medium
3279,1,0,1,Low
3280,1,0,1,Low
3283,1,0,1,Low
3284,1,0,1,Low
3287,1,0,1,Low
3289,1,2,3,Medium
3290,1,0,1,Low
3292,1,0,1,Low
3294,1,3,4,Medium
3299,1,0,1,Low
3301,1,0,1,Low
3302,1,0,1,Low
3303,1,0,1,Low
3304,1,0,1,Low
3312,1,0,1,Low
3315,1,0,1,Low
3317,1,0,1,Low
3318,1,0,1,Low
3320,1,0,1,Low
3329,1,0,1,Low
3337,1,0,1,Low
3342,1,0,1,Low
3344,1,0,1,Low
3345,1,5,6,High
3347,1,2,3,Medium
3351,1,0,1,Low
3354,1,2,3,Medium
3359,1,0,1,Low
3361,1,0,1,Low
3363,1,0,1,Low
3364,1,0,1,Low
3365,1,0,1,Low
3366,1,3,4,Medium
3367,1,0,1,Low
3368,1,0,1,Low
3369,1,1,2,Medium
3374,1,0,1,Low
3375,1,0,1,Low
3376,1,1,2,Medium
3377,1,0,1,Low
3378,1,0,1,Low
3379,1,3,4,Medium
3383,1,0,1,Low
3384,1,0,1,Low
3386,1,4,5,High
3388,1,2,3,Medium
3389,1,1,2,Medium
3390,1,0,1,Low
3394,1,0,1,Low
3395,1,1,2,Medium
3398,1,0,1,Low
3399,1,0,1,Low
3400,1,0,1,Low
3401,1,0,1,Low
3402,1,0,1,Low
3403,1,0,1,Low
3404,1,0,1,Low
3405,1,0,1,Low
3406,1,4,5,High
3407,1,0,1,Low
3409,1,0,1,Low
3411,1,0,1,Low
3412,1,0,1,Low
3413,1,0,1,Low
3414,1,0,1,Low
3415,1,0,1,Low
3416,1,0,1,Low
3417,1,0,1,Low
3418,1,0,1,Low
3419,1,0,1,Low
3420,1,0,1,Low
3421,1,0,1,Low
3422,1,0,1,Low
3423,1,0,1,Low
3424,1,0,1,Low
3425,1,0,1,Low
3426,1,0,1,Low
3427,1,0,1,Low
3428,1,4,5,High
3429,1,0,1,Low
3430,1,0,1,Low
3431,1,0,1,Low
3432,1,0,1,Low
3435,1,0,1,Low
3436,1,0,1,Low
3437,1,0,1,Low
3438,1,0,1,Low
3439,1,0,1,Low
3440,1,0,1,Low
3441,1,0,1,Low
3443,1,0,1,Low
3444,1,0,1,Low
3445,1,0,1,Low
3446,1,0,1,Low
3447,1,0,1,Low
3448,1,0,1,Low
3449,1,0,1,Low
3451,1,0,1,Low
3452,1,0,1,Low
3454,1,4,5,High
3455,1,0,1,Low
3456,1,0,1,Low
3457,1,1,2,Medium
3458,1,0,1,Low
3459,1,0,1,Low
3460,1,0,1,Low
3461,1,0,1,Low
3463,1,0,1,Low
3464,1,0,1,Low
3465,1,0,1,Low
3466,1,0,1,Low
3467,1,0,1,Low
3468,1,0,1,Low
3469,1,0,1,Low
3471,1,0,1,Low
3473,1,0,1,Low
3474,1,0,1,Low
3475,1,0,1,Low
3476,1,0,1,Low
3477,1,0,1,Low
3478,1,0,1,Low
3479,1,0,1,Low
3480,1,0,1,Low
3481,1,0,1,Low
3482,1,0,1,Low
3484,1,0,1,Low
3486,1,0,1,Low
3487,1,3,4,Medium
3488,1,0,1,Low
3490,1,0,1,Low
3491,1,0,1,Low
3504,0,1,1,Low
3507,0,8,8,Prohibited / very high
3515,0,2,2,Medium
3537,0,12,12,Prohibited / very high
3575,0,4,4,Medium
3577,0,1,1,Low
3588,0,2,2,Medium
3601,0,2,2,Medium
3620,0,1,1,Low
3647,0,1,1,Low
3651,0,1,1,Low
3694,0,1,1,Low
3732,0,2,2,Medium
3735,0,1,1,Low
3750,0,1,1,Low
3770,0,3,3,Medium
3771,0,1,1,Low
3773,0,1,1,Low
3785,0,1,1,Low
3795,0,1,1,Low
3799,0,2,2,Medium
3807,0,1,1,Low
3839,0,1,1,Low
3883,0,1,1,Low
3900,0,1,1,Low
3974,0,1,1,Low
4010,0,4,4,Medium
4037,0,4,4,Medium
4052,0,16,16,Prohibited / very high
4074,0,2,2,Medium
4095,0,2,2,Medium
4195,0,2,2,Medium
4203,0,1,1,Low
4206,0,3,3,Medium
4214,0,1,1,Low
4226,0,1,1,Low
4229,0,2,2,Medium
4230,0,3,3,Medium
4232,0,2,2,Medium
4240,0,2,2,Medium
4255,0,3,3,Medium
4261,0,2,2,Medium
4263,0,2,2,Medium
4273,0,3,3,Medium
4285,0,1,1,Low
4293,0,4,4,Medium
4295,0,1,1,Low
4301,0,1,1,Low
4302,0,2,2,Medium
4316,0,2,2,Medium
4319,0,3,3,Medium
4326,0,3,3,Medium
4329,0,3,3,Medium
4352,0,3,3,Medium
4359,0,2,2,Medium
4369,0,1,1,Low
4390,0,2,2,Medium
4402,0,1,1,Low
4408,0,3,3,Medium
4409,0,8,8,Prohibited / very high
4415,0,6,6,High
4427,0,4,4,Medium
4474,0,4,4,Medium
4480,0,2,2,Medium
4483,0,3,3,Medium
4518,0,16,16,Prohibited / very high
4522,0,2,2,Medium
4548,0,2,2,Medium
4561,0,8,8,Prohibited / very high
4564,0,1,1,Low
4576,0,3,3,Medium
4587,0,6,6,High
4590,0,8,8,Prohibited / very high
4607,0,8,8,Prohibited / very high
4631,0,2,2,Medium
4664,0,2,2,Medium
4668,0,2,2,Medium
4679,0,1,1,Low
4681,0,1,1,Low
4682,0,1,1,Low
4687,0,1,1,Low
4695,0,1,1,Low
4698,0,1,1,Low
4701,0,1,1,Low
4741,0,1,1,Low
4746,0,4,4,Medium
4754,0,2,2,Medium
4780,0,1,1,Low
4783,0,4,4,Medium
4785,0,2,2,Medium
4799,0,2,2,Medium
4809,0,1,1,Low
4934,0,1,1,Low
5099,0,2,2,Medium
5162,0,4,4,Medium
5173,0,2,2,Medium
5184,0,4,4,Medium
5196,0,6,6,High
5200,0,3,3,Medium
5203,0,3,3,Medium
5215,0,2,2,Medium
5218,0,3,3,Medium
5241,0,3,3,Medium
5242,0,3,3,Medium
5244,0,2,2,Medium
5246,0,2,2,Medium
5247,0,2,2,Medium
5250,0,3,3,Medium
5270,0,3,3,Medium
5273,0,2,2,Medium
5279,0,3,3,Medium
5286,0,3,3,Medium
5298,0,2,2,Medium
5303,0,3,3,Medium
5308,0,3,3,Medium
5310,0,2,2,Medium
5315,0,5,5,High
5327,0,3,3,Medium
5333,0,3,3,Medium
5341,0,3,3,Medium
5351,0,3,3,Medium
5356,0,3,3,Medium
5359,0,2,2,Medium
5362,0,2,2,Medium
5382,0,3,3,Medium
5388,0,4,4,Medium
5418,0,1,1,Low
5423,0,1,1,Low
5425,0,2,2,Medium
5431,0,1,1,Low
5438,0,1,1,Low
5473,0,1,1,Low
5508,0,1,1,Low
5524,0,2,2,Medium
5530,0,5,5,High
5539,0,2,2,Medium
5542,0,8,8,Prohibited / very high
5571,0,2,2,Medium
5581,0,2,2,Medium
5598,0,4,4,Medium
5602,0,1,1,Low
5619,0,4,4,Medium
5656,0,1,1,Low
5658,0,1,1,Low
5666,0,1,1,Low
5674,0,3,3,Medium
5680,0,6,6,High
5687,0,2,2,Medium
5691,0,6,6,High
5703,0,4,4,Medium
5705,0,2,2,Medium
5713,0,1,1,Low
5730,0,2,2,Medium
5735,0,2,2,Medium
5753,0,3,3,Medium
5755,0,1,1,Low
5783,0,3,3,Medium
5790,0,2,2,Medium
5796,0,3,3,Medium
5847,0,1,1,Low
5903,0,1,1,Low
6087,0,2,2,Medium
6175,0,2,2,Medium
6203,0,4,4,Medium
6206,0,1,1,Low
6211,0,3,3,Medium
6225,0,3,3,Medium
6227,0,3,3,Medium
6229,0,3,3,Medium
6231,0,3,3,Medium
6232,0,3,3,Medium
6237,0,2,2,Medium
6239,0,3,3,Medium
6240,0,2,2,Medium
6253,0,2,2,Medium
6274,0,2,2,Medium
6275,0,1,1,Low
6279,0,2,2,Medium
6282,0,3,3,Medium
6286,0,5,5,High
6295,0,12,12,Prohibited / very high
6311,0,3,3,Medium
6320,0,3,3,Medium
6330,0,4,4,Medium
6331,0,3,3,Medium
6348,0,1,1,Low
6357,0,5,5,High
6378,0,1,1,Low
6380,0,3,3,Medium
6381,0,1,1,Low
6387,0,3,3,Medium
6389,0,3,3,Medium
6422,0,4,4,Medium
6456,0,2,2,Medium
6463,0,8,8,Prohibited / very high
6471,0,2,2,Medium
6473,0,2,2,Medium
6475,0,1,1,Low
6489,0,4,4,Medium
6498,0,2,2,Medium
6509,0,2,2,Medium
6551,0,2,2,Medium
6566,0,2,2,Medium
6567,0,4,4,Medium
6574,0,4,4,Medium
6594,0,2,2,Medium
6604,0,5,5,High
6609,0,4,4,Medium
6614,0,2,2,Medium
6617,0,1,1,Low
6639,0,1,1,Low
6641,0,3,3,Medium
6651,0,1,1,Low
6654,0,2,2,Medium
6656,0,1,1,Low
6663,0,1,1,Low
6666,0,3,3,Medium
6671,0,1,1,Low
6676,0,2,2,Medium
6683,0,2,2,Medium
6691,0,4,4,Medium
6694,0,1,1,Low
6699,0,4,4,Medium
6706,0,4,4,Medium
6718,0,2,2,Medium
6720,0,2,2,Medium
6721,0,3,3,Medium
6730,0,2,2,Medium
6732,0,1,1,Low
6748,0,1,1,Low
6762,0,1,1,Low
6764,0,5,5,High
6775,0,2,2,Medium
6781,0,8,8,Prohibited / very high
6793,0,2,2,Medium
6889,0,1,1,Low
6949,0,1,1,Low
7134,0,4,4,Medium
7187,0,6,6,High
7210,0,3,3,Medium
7211,0,3,3,Medium
7215,0,2,2,Medium
7219,0,1,1,Low
7228,0,3,3,Medium
7230,0,1,1,Low
7236,0,3,3,Medium
7242,0,2,2,Medium
7257,0,1,1,Low
7272,0,2,2,Medium
7275,0,2,2,Medium
7277,0,3,3,Medium
7284,0,2,2,Medium
7285,0,3,3,Medium
7286,0,1,1,Low
7304,0,2,2,Medium
7305,0,1,1,Low
7308,0,3,3,Medium
7316,0,1,1,Low
7332,0,3,3,Medium
7334,0,1,1,Low
7337,0,3,3,Medium
7339,0,3,3,Medium
7356,0,2,2,Medium
7363,0,2,2,Medium
7410,0,4,4,Medium
7414,0,4,4,Medium
7423,0,1,1,Low
7465,0,2,2,Medium
7485,0,1,1,Low
7493,0,2,2,Medium
7513,0,2,2,Medium
7542,0,6,6,High
7560,0,2,2,Medium
7561,0,1,1,Low
7565,0,2,2,Medium
7582,0,2,2,Medium
7590,0,2,2,Medium
7596,0,1,1,Low
7626,0,3,3,Medium
7627,0,1,1,Low
7638,0,2,2,Medium
7645,0,1,1,Low
7656,0,1,1,Low
7677,0,5,5,High
7679,0,2,2,Medium
7687,0,1,1,Low
7711,0,4,4,Medium
7718,0,1,1,Low
7724,0,5,5,High
7733,0,2,2,Medium
7735,0,2,2,Medium
7747,0,4,4,Medium
7748,0,3,3,Medium
7749,0,3,3,Medium
7760,0,4,4,Medium
7780,0,9,9,Prohibited / very high
7782,0,1,1,Low
7787,0,2,2,Medium
7789,0,1,1,Low
7793,0,5,5,High
7794,0,7,7,High
7840,0,1,1,Low
7853,0,1,1,Low
7952,0,1,1,Low
7953,0,1,1,Low
7996,0,1,1,Low
8033,0,2,2,Medium
8045,0,2,2,Medium
8047,0,4,4,Medium
8135,0,4,4,Medium
8157,0,2,2,Medium
8167,0,4,4,Medium
8207,0,2,2,Medium
8232,0,3,3,Medium
8235,0,1,1,Low
8239,0,3,3,Medium
8246,0,3,3,Medium
8264,0,3,3,Medium
8265,0,3,3,Medium
8269,0,3,3,Medium
8272,0,3,3,Medium
8293,0,1,1,Low
8294,0,1,1,Low
8301,0,1,1,Low
8302,0,1,1,Low
8309,0,2,2,Medium
8310,0,3,3,Medium
8322,0,2,2,Medium
8328,0,1,1,Low
8329,0,2,2,Medium
8333,0,2,2,Medium
8348,0,6,6,High
8350,0,1,1,Low
8363,0,2,2,Medium
8381,0,2,2,Medium
8383,0,3,3,Medium
8386,0,3,3,Medium
8392,0,3,3,Medium
8394,0,3,3,Medium
8397,0,3,3,Medium
8409,0,2,2,Medium
8427,0,3,3,Medium
8497,0,2,2,Medium
8521,0,2,2,Medium
8523,0,9,9,Prohibited / very high
8527,0,4,4,Medium
8530,0,4,4,Medium
8547,0,2,2,Medium
8548,0,3,3,Medium
8571,0,4,4,Medium
8582,0,3,3,Medium
8608,0,6,6,High
8615,0,1,1,Low
8625,0,3,3,Medium
8629,0,3,3,Medium
8634,0,6,6,High
8636,0,3,3,Medium
8639,0,3,3,Medium
8641,0,14,14,Prohibited / very high
8651,0,6,6,High
8656,0,4,4,Medium
8662,0,8,8,Prohibited / very high
8671,0,2,2,Medium
8673,0,7,7,High
8681,0,1,1,Low
8686,0,3,3,Medium
8694,0,3,3,Medium
8695,0,6,6,High
8698,0,2,2,Medium
8699,0,2,2,Medium
8706,0,6,6,High
8708,0,4,4,Medium
8717,0,6,6,High
8725,0,4,4,Medium
8727,0,1,1,Low
8748,0,5,5,High
8760,0,8,8,Prohibited / very high
8761,0,2,2,Medium
8770,0,8,8,Prohibited / very high
8778,0,3,3,Medium
8780,0,3,3,Medium
8794,0,4,4,Medium
9069,0,8,8,Prohibited / very high
9135,0,4,4,Medium
9179,0,2,2,Medium
9211,0,3,3,Medium
9221,0,1,1,Low
9240,0,3,3,Medium
9246,0,2,2,Medium
9254,0,2,2,Medium
9257,0,2,2,Medium
9283,0,2,2,Medium
9285,0,2,2,Medium
9304,0,2,2,Medium
9308,0,3,3,Medium
9331,0,2,2,Medium
9353,0,2,2,Medium
9356,0,2,2,Medium
9359,0,3,3,Medium
9382,0,3,3,Medium
9399,0,3,3,Medium
9401,0,2,2,Medium
9412,0,6,6,High
9415,0,3,3,Medium
9420,0,4,4,Medium
9425,0,2,2,Medium
9447,0,2,2,Medium
9465,0,2,2,Medium
9519,0,2,2,Medium
9520,0,2,2,Medium
9525,0,1,1,Low
9550,0,8,8,Prohibited / very high
9553,0,2,2,Medium
9554,0,6,6,High
9560,0,1,1,Low
9566,0,3,3,Medium
9575,0,2,2,Medium
9576,0,2,2,Medium
9588,0,10,10,Prohibited / very high
9601,0,1,1,Low
9609,0,5,5,High
9619,0,8,8,Prohibited / very high
9637,0,7,7,High
9641,0,8,8,Prohibited / very high
9642,0,4,4,Medium
9659,0,9,9,Prohibited / very high
9667,0,5,5,High
9701,0,1,1,Low
9706,0,7,7,High
9718,0,6,6,High
9729,0,8,8,Prohibited / very high
9732,0,7,7,High
9738,0,2,2,Medium
9747,0,9,9,Prohibited / very high
9751,0,4,4,Medium
9763,0,3,3,Medium
9765,0,2,2,Medium
9767,0,7,7,High
9773,0,2,2,Medium
9774,0,4,4,Medium
9786,0,7,7,High
9796,0,2,2,Medium
9806,0,1,1,Low
9882,0,1,1,Low
9899,0,1,1,Low
9954,0,1,1,Low
9993,0,2,2,Medium
9999,0,1,1,Low
