state,clients,complaints,alerts,total_issues
CA,242,242,28,270
TX,207,207,62,269
FL,202,202,51,253
GA,150,150,33,183
NY,89,89,16,105
PA,79,79,16,95
NC,71,71,23,94
IL,77,77,13,90
NJ,57,57,15,72
OH,64,64,8,72
VA,54,54,14,68
MI,56,56,7,63
SC,53,53,9,62
TN,49,49,9,58
MD,41,41,17,58
AZ,44,44,14,58
IN,49,49,5,54
CO,45,45,8,53
NV,37,37,10,47
MO,39,39,7,46
WA,40,40,5,45
LA,34,34,8,42
MS,27,27,12,39
AL,35,35,3,38
MA,22,22,11,33
MN,25,25,8,33
KY,21,21,11,32
CT,25,25,4,29
UT,20,20,6,26
OK,22,22,0,22
AR,17,17,5,22
WI,19,19,1,20
PR,14,14,5,19
OR,17,17,2,19
IA,11,11,5,16
ID,8,8,7,15
KS,14,14,0,14
DE,7,7,5,12
HI,7,7,3,10
DC,8,8,0,8
NM,7,7,0,7
NE,6,6,0,6
AK,3,3,1,4
RI,4,4,0,4
MT,4,4,0,4
WY,3,3,0,3
WV,3,3,0,3
NH,2,2,0,2
AE,2,2,0,2
ME,2,2,0,2
ND,2,2,0,2
SD,2,2,0,2
GU,1,1,0,1
VT,1,1,0,1
UM,1,1,0,1
